id,branch,customer_name,phone,package,pppoe_secret,subscribe_date,expired_date,status
1,Temas,Ahmad Fauzi 1,081230000000,Home 10 Mbps,cust1000,01-Jan-26,22-Apr-26,Isolir
2,Bumiaji,Budi Santoso 2,081230000137,Home 20 Mbps,cust1001,08-Feb-26,01-May-26,Aktif
3,Dau,Rina Wijaya 3,081230000274,Home 30 Mbps,cust1002,15-Mar-26,08-Jun-26,Aktif
4,Temas,Sinta Dewi 4,081230000411,Home 50 Mbps,cust1003,22-Apr-26,01-Jan-26,Aktif
5,Bumiaji,Agus Prasetyo 5,081230000548,Bisnis 50 Mbps,cust1004,01-May-26,08-Feb-26,Aktif
6,Dau,Maya Sari 6,081230000685,Home 10 Mbps,cust1005,08-Jun-26,15-Mar-26,Isolir
7,Temas,Doni Kurniawan 7,081230000822,Home 20 Mbps,cust1006,01-Jan-26,22-Apr-26,Aktif
8,Bumiaji,Lestari Putri 8,081230000959,Home 30 Mbps,cust1007,08-Feb-26,01-May-26,Terminate
9,Dau,Hendra Gunawan 9,081230001096,Home 50 Mbps,cust1008,15-Mar-26,08-Jun-26,Aktif
10,Temas,Wulan Sari 10,081230001233,Bisnis 50 Mbps,cust1009,22-Apr-26,01-Jan-26,Aktif
11,Bumiaji,Bayu Aditya 11,081230001370,Home 10 Mbps,cust1010,01-May-26,08-Feb-26,Isolir
12,Dau,Citra Ayu 12,081230001507,Home 20 Mbps,cust1011,08-Jun-26,15-Mar-26,Aktif
13,Temas,Ahmad Fauzi 13,081230001644,Home 30 Mbps,cust1012,01-Jan-26,22-Apr-26,Aktif
14,Bumiaji,Budi Santoso 14,081230001781,Home 50 Mbps,cust1013,08-Feb-26,01-May-26,Aktif
15,Dau,Rina Wijaya 15,081230001918,Bisnis 50 Mbps,cust1014,15-Mar-26,08-Jun-26,Terminate
16,Temas,Sinta Dewi 16,081230002055,Home 10 Mbps,cust1015,22-Apr-26,01-Jan-26,Isolir
17,Bumiaji,Agus Prasetyo 17,081230002192,Home 20 Mbps,cust1016,01-May-26,08-Feb-26,Aktif
18,Dau,Maya Sari 18,081230002329,Home 30 Mbps,cust1017,08-Jun-26,15-Mar-26,Aktif
19,Temas,Doni Kurniawan 19,081230002466,Home 50 Mbps,cust1018,01-Jan-26,22-Apr-26,Aktif
20,Bumiaji,Lestari Putri 20,081230002603,Bisnis 50 Mbps,cust1019,08-Feb-26,01-May-26,Aktif
21,Dau,Hendra Gunawan 21,081230002740,Home 10 Mbps,cust1020,15-Mar-26,08-Jun-26,Isolir
22,Temas,Wulan Sari 22,081230002877,Home 20 Mbps,cust1021,22-Apr-26,01-Jan-26,Terminate
23,Bumiaji,Bayu Aditya 23,081230003014,Home 30 Mbps,cust1022,01-May-26,08-Feb-26,Aktif
24,Dau,Citra Ayu 24,081230003151,Home 50 Mbps,cust1023,08-Jun-26,15-Mar-26,Aktif
25,Temas,Ahmad Fauzi 25,081230003288,Bisnis 50 Mbps,cust1024,01-Jan-26,22-Apr-26,Aktif
26,Bumiaji,Budi Santoso 26,081230003425,Home 10 Mbps,cust1025,08-Feb-26,01-May-26,Isolir
27,Dau,Rina Wijaya 27,081230003562,Home 20 Mbps,cust1026,15-Mar-26,08-Jun-26,Aktif
28,Temas,Sinta Dewi 28,081230003699,Home 30 Mbps,cust1027,22-Apr-26,01-Jan-26,Aktif
29,Bumiaji,Agus Prasetyo 29,081230003836,Home 50 Mbps,cust1028,01-May-26,08-Feb-26,Terminate
30,Dau,Maya Sari 30,081230003973,Bisnis 50 Mbps,cust1029,08-Jun-26,15-Mar-26,Aktif
31,Temas,Doni Kurniawan 31,081230004110,Home 10 Mbps,cust1030,01-Jan-26,22-Apr-26,Isolir
32,Bumiaji,Lestari Putri 32,081230004247,Home 20 Mbps,cust1031,08-Feb-26,01-May-26,Aktif
33,Dau,Hendra Gunawan 33,081230004384,Home 30 Mbps,cust1032,15-Mar-26,08-Jun-26,Aktif
34,Temas,Wulan Sari 34,081230004521,Home 50 Mbps,cust1033,22-Apr-26,01-Jan-26,Aktif
35,Bumiaji,Bayu Aditya 35,081230004658,Bisnis 50 Mbps,cust1034,01-May-26,08-Feb-26,Aktif
36,Dau,Citra Ayu 36,081230004795,Home 10 Mbps,cust1035,08-Jun-26,15-Mar-26,Isolir
37,Temas,Ahmad Fauzi 37,081230004932,Home 20 Mbps,cust1036,01-Jan-26,22-Apr-26,Aktif
38,Bumiaji,Budi Santoso 38,081230005069,Home 30 Mbps,cust1037,08-Feb-26,01-May-26,Aktif
39,Dau,Rina Wijaya 39,081230005206,Home 50 Mbps,cust1038,15-Mar-26,08-Jun-26,Aktif
40,Temas,Sinta Dewi 40,081230005343,Bisnis 50 Mbps,cust1039,22-Apr-26,01-Jan-26,Aktif
41,Bumiaji,Agus Prasetyo 41,081230005480,Home 10 Mbps,cust1040,01-May-26,08-Feb-26,Isolir
42,Dau,Maya Sari 42,081230005617,Home 20 Mbps,cust1041,08-Jun-26,15-Mar-26,Aktif
43,Temas,Doni Kurniawan 43,081230005754,Home 30 Mbps,cust1042,01-Jan-26,22-Apr-26,Terminate
44,Bumiaji,Lestari Putri 44,081230005891,Home 50 Mbps,cust1043,08-Feb-26,01-May-26,Aktif
45,Dau,Hendra Gunawan 45,081230006028,Bisnis 50 Mbps,cust1044,15-Mar-26,08-Jun-26,Aktif
46,Temas,Wulan Sari 46,081230006165,Home 10 Mbps,cust1045,22-Apr-26,01-Jan-26,Isolir
47,Bumiaji,Bayu Aditya 47,081230006302,Home 20 Mbps,cust1046,01-May-26,08-Feb-26,Aktif
48,Dau,Citra Ayu 48,081230006439,Home 30 Mbps,cust1047,08-Jun-26,15-Mar-26,Aktif
49,Temas,Ahmad Fauzi 49,081230006576,Home 50 Mbps,cust1048,01-Jan-26,22-Apr-26,Aktif
50,Bumiaji,Budi Santoso 50,081230006713,Bisnis 50 Mbps,cust1049,08-Feb-26,01-May-26,Terminate
51,Dau,Rina Wijaya 51,081230006850,Home 10 Mbps,cust1050,15-Mar-26,08-Jun-26,Isolir
52,Temas,Sinta Dewi 52,081230006987,Home 20 Mbps,cust1051,22-Apr-26,01-Jan-26,Aktif
53,Bumiaji,Agus Prasetyo 53,081230007124,Home 30 Mbps,cust1052,01-May-26,08-Feb-26,Aktif
54,Dau,Maya Sari 54,081230007261,Home 50 Mbps,cust1053,08-Jun-26,15-Mar-26,Aktif
55,Temas,Doni Kurniawan 55,081230007398,Bisnis 50 Mbps,cust1054,01-Jan-26,22-Apr-26,Aktif
56,Bumiaji,Lestari Putri 56,081230007535,Home 10 Mbps,cust1055,08-Feb-26,01-May-26,Isolir
57,Dau,Hendra Gunawan 57,081230007672,Home 20 Mbps,cust1056,15-Mar-26,08-Jun-26,Terminate
58,Temas,Wulan Sari 58,081230007809,Home 30 Mbps,cust1057,22-Apr-26,01-Jan-26,Aktif
59,Bumiaji,Bayu Aditya 59,081230007946,Home 50 Mbps,cust1058,01-May-26,08-Feb-26,Aktif
60,Dau,Citra Ayu 60,081230008083,Bisnis 50 Mbps,cust1059,08-Jun-26,15-Mar-26,Aktif
61,Temas,Fasum PAPA 1,081235000000,Home 10 Mbps,fasum100,01-Jan-26,22-Apr-26,Fasum
62,Bumiaji,Fasum ORMO 2,081235000137,Home 20 Mbps,fasum101,08-Feb-26,01-May-26,Fasum
63,Dau,Fasum BSUL 3,081235000274,Home 30 Mbps,fasum102,15-Mar-26,08-Jun-26,Fasum
64,Temas,Fasum ETIK 4,081235000411,Home 50 Mbps,fasum103,22-Apr-26,01-Jan-26,Fasum
65,Bumiaji,Fasum LOCA 5,081235000548,Bisnis 50 Mbps,fasum104,01-May-26,08-Feb-26,Fasum
66,Dau,Fasum LAJA 6,081235000685,Home 10 Mbps,fasum105,08-Jun-26,15-Mar-26,Fasum
67,Temas,Fasum SURA 7,081235000822,Home 20 Mbps,fasum106,01-Jan-26,22-Apr-26,Fasum
68,Bumiaji,Fasum KRBT 8,081235000959,Home 30 Mbps,fasum107,08-Feb-26,01-May-26,Fasum
69,Dau,Fasum MABA 9,081235001096,Home 50 Mbps,fasum108,15-Mar-26,08-Jun-26,Fasum
70,Temas,Fasum RITI 10,081235001233,Bisnis 50 Mbps,fasum109,22-Apr-26,01-Jan-26,Fasum
71,Bumiaji,Fasum GADA 11,081235001370,Home 10 Mbps,fasum110,01-May-26,08-Feb-26,Fasum
72,Dau,Fasum FABO 12,081235001507,Home 20 Mbps,fasum111,08-Jun-26,15-Mar-26,Fasum
73,Temas,Fasum DAMA 13,081235001644,Home 30 Mbps,fasum112,01-Jan-26,22-Apr-26,Fasum
74,Bumiaji,Fasum LAHO 14,081235001781,Home 50 Mbps,fasum113,08-Feb-26,01-May-26,Fasum
75,Dau,Fasum GOJO 15,081235001918,Bisnis 50 Mbps,fasum114,15-Mar-26,08-Jun-26,Fasum
76,Temas,Rizky Pratama 76,081230008220,Home 20 Mbps,cust1076,02-Aug-26,02-Nov-26,Aktif
77,Bumiaji,Indah Permata 77,081230008357,Home 30 Mbps,cust1077,05-Aug-26,05-Nov-26,Aktif
78,Dau,Fajar Shadiq 78,081230008494,Home 10 Mbps,cust1078,08-Aug-26,08-Sep-26,Isolir
79,Temas,Nurul Hidayah 79,081230008631,Home 50 Mbps,cust1079,10-Aug-26,10-Nov-26,Aktif
80,Bumiaji,Gilang Ramadhan 80,081230008768,Bisnis 50 Mbps,cust1080,12-Aug-26,12-Nov-26,Aktif
81,Dau,Mega Utami 81,081230008905,Home 20 Mbps,cust1081,15-Aug-26,15-Sep-26,Isolir
82,Temas,Ilham Saputra 82,081230009042,Home 30 Mbps,cust1082,18-Aug-26,18-Aug-26,Terminate
83,Bumiaji,Dewi Anggraini 83,081230009179,Home 10 Mbps,cust1083,20-Aug-26,20-Nov-26,Aktif
84,Dau,Arif Rahman 84,081230009316,Home 50 Mbps,cust1084,22-Aug-26,22-Nov-26,Aktif
85,Temas,Fasum SELO 16,081235002055,Home 20 Mbps,fasum115,24-Aug-26,24-Nov-26,Fasum
86,Bumiaji,Yuni Astuti 86,081230009453,Home 20 Mbps,cust1086,25-Aug-26,25-Sep-26,Isolir
87,Dau,Bagus Setiawan 87,081230009590,Home 30 Mbps,cust1087,27-Aug-26,27-Nov-26,Aktif
88,Temas,Tia Septiani 88,081230009727,Bisnis 50 Mbps,cust1088,28-Aug-26,28-Nov-26,Aktif
89,Bumiaji,Fasum PUNT 17,081235002192,Home 30 Mbps,fasum116,29-Aug-26,29-Nov-26,Fasum
90,Dau,Eko Wahyudi 90,081230009864,Home 10 Mbps,cust1090,30-Aug-26,30-Aug-26,Terminate
91,Temas,Rian Ardiansyah 91,081230010001,Home 20 Mbps,cust1091,02-Sep-26,02-Dec-26,Aktif
92,Bumiaji,Sari Wulandari 92,081230010138,Home 30 Mbps,cust1092,04-Sep-26,04-Dec-26,Aktif
93,Dau,Hadi Kusuma 93,081230010275,Home 50 Mbps,cust1093,06-Sep-26,06-Dec-26,Aktif
94,Temas,Dina Mariana 94,081230010412,Home 10 Mbps,cust1094,08-Sep-26,08-Oct-26,Isolir
95,Bumiaji,Aditya Pratama 95,081230010549,Bisnis 50 Mbps,cust1095,11-Sep-26,11-Dec-26,Aktif
96,Dau,Fasum PETU 18,081235002329,Home 20 Mbps,fasum117,13-Sep-26,13-Dec-26,Fasum
97,Temas,Farhan Maulana 97,081230010686,Home 20 Mbps,cust1097,15-Sep-26,15-Oct-26,Isolir
98,Bumiaji,Ratna Juwita 98,081230010823,Home 30 Mbps,cust1098,17-Sep-26,17-Sep-26,Terminate
99,Dau,Teguh Prakoso 99,081230010960,Home 10 Mbps,cust1099,19-Sep-26,19-Dec-26,Aktif
100,Temas,Lia Amalia 100,081230011097,Home 50 Mbps,cust1100,21-Sep-26,21-Dec-26,Aktif
101,Bumiaji,Fasum SUMB 19,081235002466,Bisnis 50 Mbps,fasum118,23-Sep-26,23-Dec-26,Fasum
102,Dau,Dimas Nugroho 102,081230011234,Home 20 Mbps,cust1102,24-Sep-26,24-Oct-26,Isolir
103,Temas,Ratih Purwasih 103,081230011371,Home 30 Mbps,cust1103,26-Sep-26,26-Dec-26,Aktif
104,Bumiaji,Lukman Hakim 104,081230011508,Home 10 Mbps,cust1104,28-Sep-26,28-Dec-26,Aktif
105,Dau,Gita Gutawa 105,081230011645,Home 50 Mbps,cust1105,29-Sep-26,29-Sep-26,Terminate
106,Temas,Satria Danu 106,081230011782,Home 20 Mbps,cust1106,01-Oct-26,01-Jan-27,Aktif
107,Bumiaji,Anisa Rahma 107,081230011919,Home 30 Mbps,cust1107,03-Oct-26,03-Jan-27,Aktif
108,Dau,Rendy Pangalila 108,081230012056,Home 10 Mbps,cust1108,05-Oct-26,05-Nov-26,Isolir
109,Temas,Citra Kirana 109,081230012193,Home 50 Mbps,cust1109,08-Oct-26,08-Jan-27,Aktif
110,Bumiaji,Fasum TULI 20,081235002603,Home 30 Mbps,fasum119,10-Oct-26,10-Jan-27,Fasum
111,Dau,Irfan Bachdim 111,081230012330,Bisnis 50 Mbps,cust1111,12-Oct-26,12-Jan-27,Aktif
112,Temas,Zaskia Sungkar 112,081230012467,Home 20 Mbps,cust1112,14-Oct-26,14-Nov-26,Isolir
113,Bumiaji,Teuku Wisnu 113,081230012604,Home 30 Mbps,cust1113,16-Oct-26,16-Jan-27,Aktif
114,Dau,Raffi Ahmad 114,081230012741,Home 50 Mbps,cust1114,18-Oct-26,18-Oct-26,Terminate
115,Temas,Nagita Slavina 115,081230012878,Bisnis 50 Mbps,cust1115,20-Oct-26,20-Jan-27,Aktif
116,Bumiaji,Baim Wong 116,081230013015,Home 10 Mbps,cust1116,22-Oct-26,22-Jan-27,Aktif
117,Dau,Paula Verhoeven 117,081230013152,Home 20 Mbps,cust1117,24-Oct-26,24-Nov-26,Isolir
118,Temas,Fasum BEND 21,081235002740,Home 20 Mbps,fasum120,25-Oct-26,25-Jan-27,Fasum
119,Bumiaji,Atta Halilintar 119,081230013289,Home 50 Mbps,cust1119,27-Oct-26,27-Jan-27,Aktif
120,Dau,Aurel Hermansyah 120,081230013426,Home 30 Mbps,cust1120,29-Oct-26,29-Jan-27,Aktif